{
  "layout_acc_seen": [
    0.8164467226524158,
    0.9093139928018322,
    0.9426327843821573,
    0.9662994874032065,
    0.9862035118333515,
    0.9962373214090958,
    0.9994001526884065,
    0.9997818737048751,
    0.9997818737048751,
    0.9997818737048751,
    0.9997818737048751,
    0.9997818737048751
  ],
  "layout_acc_held": [
    0.5106583471284859,
    0.5538520310709283,
    0.5962816757926906,
    0.6260537374251878,
    0.648185406850885,
    0.6760728384057049,
    0.6871514071055648,
    0.6799185024831275,
    0.6786705717560169,
    0.6791544632624474,
    0.6804278619635808,
    0.6758181586654781
  ],
  "layout_f1_seen": [
    0.8132250066469845,
    0.9290928696014582,
    0.9598798619347458,
    0.981735187202223,
    0.9939779753718573,
    0.9980507513069404,
    0.9991016815194054,
    0.9992409270108502,
    0.9992319117063947,
    0.9992319117063947,
    0.9992319117063947,
    0.9992319117063947
  ],
  "layout_f1_held": [
    0.2442291328203197,
    0.28119457876603887,
    0.32024476224793824,
    0.3438973414046949,
    0.38373777448423,
    0.39491193965915555,
    0.3963366877394693,
    0.4020636139507243,
    0.39049890348125105,
    0.38254257042446943,
    0.37848194974631455,
    0.37555016687688403
  ],
  "domain_acc": [
    0.7191216040274282,
    0.8185921360992969,
    0.861643954517837,
    0.8980123253189827,
    0.9109452304487458,
    0.9216213870323756,
    0.9197986285912682,
    0.9206666088013193,
    0.912594392847843,
    0.9087752799236177,
    0.9040881867893412,
    0.9050429650203975
  ],
  "domain_f1": [
    0.6655455130440977,
    0.7878237591710805,
    0.8376389502734968,
    0.8796215551873625,
    0.8948249163379752,
    0.9090393506360656,
    0.9048261834664323,
    0.9055057246187115,
    0.895812348853367,
    0.8920132479553642,
    0.8875866468324377,
    0.8878765854587344
  ],
  "chance": 0.16666666666666666
}