{
  "probe_a_seen_acc": 0.9979278001963137,
  "probe_a_unseen_acc": 0.6728638736788488,
  "probe_a_seen_f1": 0.9986324743669364,
  "probe_a_unseen_f1": 0.38234952571970454,
  "probe_b_cv_acc_mean": 0.8667603588013193,
  "probe_b_cv_acc_std": 0.0029698830904845356,
  "probe_b_cv_f1_mean": 0.8438827518523417,
  "chance": 0.16666666666666666,
  "per_class_f1_unseen": {
    "caption": 0.0030165912518853692,
    "footnote": 0.021052631578947364,
    "formula": 0.023174971031286212,
    "list_item": 0.6326166557130786,
    "page_footer": 0.6036797613127797,
    "page_header": 0.14708957825026142,
    "picture": 0.7081339712918661,
    "section_header": 0.47041974220557453,
    "table": 0.7730212503849707,
    "text": 0.7936770830796211,
    "title": 0.029962546816479405
  }
}